id,vernacularName,language,locality,countryCode,source,lexicon,contributor,created
20356,K'agwáay,und,Haida Gwaii,"",,Haida,Liam Ragan,2020-07-03T17:34:16Z
236912,K'agwáay,und,Haida Gwaii,"",,Haida,Liam Ragan,2020-07-03T17:35:39Z
47516,Taaynga,und,"","",http://www.catalogueoflife.org/annual-checklist/details/species/id/10078654/common/19139,Haida,operculum_ben,2021-07-19T12:20:51Z
47516,Taiyung,und,"","",http://www.catalogueoflife.org/annual-checklist/details/species/id/10078654/common/19140,Haida,operculum_ben,2021-07-19T12:20:57Z
47516,T'ak'al,und,"","",http://www.catalogueoflife.org/annual-checklist/details/species/id/10078654/common/19138,Haida,operculum_ben,2021-07-19T12:21:04Z
47516,Taayingaa,und,"","",http://www.catalogueoflife.org/annual-checklist/details/species/id/10078654/common/19141,Haida,operculum_ben,2021-07-19T12:21:11Z
1264426,daayáats’,und,"","",,Haida,Bobby McCabe,2021-08-11T17:29:36Z
1264426,tlag,und,"","",,Haida,Bobby McCabe,2021-08-11T17:29:55Z
53701,Jum,und,"","",http://www.catalogueoflife.org/annual-checklist/details/species/id/10077704/common/218168,Haida,,2021-08-23T11:51:02Z
98563,Hl'aama,und,"","","Philips TK, Moretto P (2025) Revision of the genus _Pseudopedaria_ Felsche, 1904, with descriptions of three new species and a subspecies from Central Africa (Coleoptera: Scarabaeinae: Coprini). Catharsius La Revue (N.S.) 5: 1–26. doi:10.5281/zenodo.17036002.",Haida,,2021-10-02T14:05:15Z
69857,Hl'aama,und,"","","Philips TK, Moretto P (2025) Revision of the genus _Pseudopedaria_ Felsche, 1904, with descriptions of three new species and a subspecies from Central Africa (Coleoptera: Scarabaeinae: Coprini). Catharsius La Revue (N.S.) 5: 1–26. doi:10.5281/zenodo.17036002.",Haida,,2021-10-02T14:05:15Z
47636,Hl'aama,und,"","","Philips TK, Moretto P (2025) Revision of the genus _Pseudopedaria_ Felsche, 1904, with descriptions of three new species and a subspecies from Central Africa (Coleoptera: Scarabaeinae: Coprini). Catharsius La Revue (N.S.) 5: 1–26. doi:10.5281/zenodo.17036002.",Haida,,2021-10-02T14:05:16Z
221165,Hl'aama,und,"","","Philips TK, Moretto P (2025) Revision of the genus _Pseudopedaria_ Felsche, 1904, with descriptions of three new species and a subspecies from Central Africa (Coleoptera: Scarabaeinae: Coprini). Catharsius La Revue (N.S.) 5: 1–26. doi:10.5281/zenodo.17036002.",Haida,,2021-10-02T14:05:16Z
47637,Hl'aama,und,"","","Philips TK, Moretto P (2025) Revision of the genus _Pseudopedaria_ Felsche, 1904, with descriptions of three new species and a subspecies from Central Africa (Coleoptera: Scarabaeinae: Coprini). Catharsius La Revue (N.S.) 5: 1–26. doi:10.5281/zenodo.17036002.",Haida,,2021-10-02T14:05:16Z
113994,Hum,und,"","","Philips TK, Moretto P (2025) Revision of the genus _Pseudopedaria_ Felsche, 1904, with descriptions of three new species and a subspecies from Central Africa (Coleoptera: Scarabaeinae: Coprini). Catharsius La Revue (N.S.) 5: 1–26. doi:10.5281/zenodo.17036002.",Haida,,2023-04-06T00:55:35Z
107572,Hum,und,"","","Philips TK, Moretto P (2025) Revision of the genus _Pseudopedaria_ Felsche, 1904, with descriptions of three new species and a subspecies from Central Africa (Coleoptera: Scarabaeinae: Coprini). Catharsius La Revue (N.S.) 5: 1–26. doi:10.5281/zenodo.17036002.",Haida,,2023-04-06T00:55:35Z
113994,Hum,und,"","","Philips TK, Moretto P (2025) Revision of the genus _Pseudopedaria_ Felsche, 1904, with descriptions of three new species and a subspecies from Central Africa (Coleoptera: Scarabaeinae: Coprini). Catharsius La Revue (N.S.) 5: 1–26. doi:10.5281/zenodo.17036002.",Haida,,2023-04-06T00:55:36Z
68075,T'ak'al,und,"","",http://www.catalogueoflife.org/annual-checklist/details/species/id/10085689/common/350440,Haida,Sean Cozart,2023-12-24T16:47:43Z
60376,Xiláawg,und,"","",,Haida,Kyan!!!,2026-03-04T23:24:42Z
128770,stla ñ’íist’aa,und,"","",,Haida,Kyan!!!,2026-07-25T08:02:07Z
83914,ts’íihlanjaaw,und,"","",,Haida,Kyan!!!,2026-07-25T08:02:51Z
53094,hlk’íid,und,"","",,Haida,Kyan!!!,2026-07-25T08:03:43Z
48537,hlgú,und,"","",,Haida,Kyan!!!,2026-07-25T08:04:19Z
180413,xíl ñagan,und,"","",,Haida,Kyan!!!,2026-07-25T08:05:07Z
